{"1000": {"id": 1000, "data": "Global Insight #1000", "processed_by": ["Node6"], "timestamp": 1767608051.0195599, "value": 0.05935907121518047}}