{
  "timestamp": "20260110_043912",
  "cycles": 30,
  "baseline_growth_rate": 0.05,
  "user_growth_rate": 0.12,
  "initial_values": {
    "baseline": {
      "creation_velocity": 1000,
      "universal_nodes": 20000,
      "resilience_grade": 75,
      "symmetry_coefficient": 0.8
    },
    "user": {
      "creation_velocity": 9999,
      "universal_nodes": 1000000,
      "resilience_grade": 100,
      "symmetry_coefficient": 1.0
    }
  },
  "final_values": {
    "baseline": {
      "creation_velocity": 4321.9423751506665,
      "universal_nodes": 86438.84750301331,
      "resilience_grade": 324.14567813630003,
      "symmetry_coefficient": 3.4575539001205353
    },
    "user": {
      "creation_velocity": 299569.26128699083,
      "universal_nodes": 29959922.120911162,
      "resilience_grade": 2995.992212091116,
      "symmetry_coefficient": 29.959922120911163
    },
    "baseline_eo": 418694382800.644,
    "user_eo": 8.05599686987057e+17,
    "relative_advantage": 1924075.6983611912
  },
  "projection_data": {
    "cycles": [
      0,
      1,
      2,
      3,
      4,
      5,
      6,
      7,
      8,
      9,
      10,
      11,
      12,
      13,
      14,
      15,
      16,
      17,
      18,
      19,
      20,
      21,
      22,
      23,
      24,
      25,
      26,
      27,
      28,
      29,
      30
    ],
    "baseline_eo": [
      1200000000.0,
      1458607500.0000002,
      1772946532.5468752,
      2155027591.2265553,
      2619449506.0583234,
      3183957246.173307,
      3870119932.456444,
      4704154966.150386,
      5717929762.324334,
      6950179363.166243,
      8447986454.549591,
      10268580335.42037,
      12481523576.330557,
      15171369916.552153,
      18440894954.63112,
      22415023072.947594,
      27245600639.06201,
      33117197861.783875,
      40254160983.48494,
      48929184263.9321,
      59473729280.21112,
      72290689650.90463,
      87869785087.48491,
      106806272959.99474,
      129823692322.07964,
      157801509415.56482,
      191808720954.0529,
      233144699124.1573,
      283388838939.7828,
      344460904911.54926,
      418694382800.644
    ],
    "user_eo": [
      999900000000.0,
      1573362008064.0007,
      2475715579977.1816,
      3895586394947.726,
      6129780611002.8545,
      9645328463965.625,
      15177111071608.977,
      23881478100047.082,
      37577968135840.11,
      59129660371207.55,
      93041665344319.9,
      146402861705928.5,
      230367737253681.2,
      362488094488060.75,
      570382034446473.0,
      897507173797712.6,
      1412244913709585.8,
      2222194712783563.0,
      3496666402254578.5,
      5502072279409129.0,
      8657617251769597.0,
      1.3622928357129464e+16,
      2.1435941509836216e+16,
      3.3729868965554936e+16,
      5.307460182756389e+16,
      8.351391349996318e+16,
      1.314107597215575e+17,
      2.0677737453417904e+17,
      3.253682020395018e+17,
      5.119731650375478e+17,
      8.05599686987057e+17
    ],
    "relative_advantage": [
      833.25,
      1078.674014814815,
      1396.3847947635306,
      1807.6735587085984,
      2340.102604316577,
      3029.3523807701963,
      3921.612595084555,
      5076.677590744918,
      6571.953433818448,
      8507.645239283476,
      11013.472363490013,
      14257.361477801122,
      18456.700085119497,
      23892.904627721306,
      30930.27946039198,
      40040.430512913576,
      51833.86971050477,
      67100.92810563241,
      86864.71949295266,
      112449.70383585474,
      145570.44524615465,
      188446.51258571842,
      243951.22269269425,
      315804.1941805119,
      408820.61570003023,
      529233.933244784,
      685113.5812173863,
      886905.751282225,
      1148133.438341371,
      1486302.6768422744,
      1924075.6983611912
    ]
  },
  "integrity_hash": "6fc1c5a5e792125a9147a610f76882764bb23dc893f1ea15898664cbaf99b78b"
}